날짜,총지수,단독주택,연립주택,아파트,아파트(서울),총지수(서울),구분
1986-01-01,34.656,61.347,43.053000000000004,20.973000000000003,17.153,30.044,주택매매가격지수
1986-02-01,34.656,61.347,42.925,20.973000000000003,17.183,30.044,주택매매가격지수
1986-03-01,34.708,61.513000000000005,42.733000000000004,20.935,17.153,30.002,주택매매가격지수
1986-04-01,34.449,61.097,42.733000000000004,20.819000000000003,17.034000000000002,29.837,주택매매가격지수
1986-05-01,34.293,60.848,41.836999999999996,20.664,16.945,29.588,주택매매가격지수
1986-06-01,34.137,60.681999999999995,41.708999999999996,20.548000000000002,16.766,29.381,주택매매가격지수
1986-07-01,34.034,60.599,41.581,20.432000000000002,16.707,29.298000000000002,주택매매가격지수
1986-08-01,34.034,60.599,41.581,20.394000000000002,16.707,29.298000000000002,주택매매가격지수
1986-09-01,34.034,60.599,41.581,20.432000000000002,16.737000000000002,29.298000000000002,주택매매가격지수
1986-10-01,34.034,60.599,41.39,20.432000000000002,16.677,29.174,주택매매가격지수
1986-11-01,33.826,60.431999999999995,41.13399999999999,20.239,16.499000000000002,28.925,주택매매가격지수
1986-12-01,33.722,60.266000000000005,40.942,20.085,16.291,28.718000000000004,주택매매가격지수
1987-01-01,33.67,60.349,40.43,20.046,16.291,28.718000000000004,주택매매가격지수
1987-02-01,33.618,60.349,40.174,19.969,16.230999999999998,28.635,주택매매가격지수
1987-03-01,33.567,60.266000000000005,40.174,19.969,16.142,28.469,주택매매가격지수
1987-04-01,33.618,60.349,40.174,19.969,16.023,28.386,주택매매가격지수
1987-05-01,33.618,60.349,39.918,20.008,16.023,28.345,주택매매가격지수
1987-06-01,33.618,60.431999999999995,39.726,20.008,15.964,28.179000000000002,주택매매가격지수
1987-07-01,33.67,60.431999999999995,39.854,20.085,15.964,28.138,주택매매가격지수
1987-08-01,33.826,60.681999999999995,39.982,20.201,16.112000000000002,28.179000000000002,주택매매가격지수
1987-09-01,35.123000000000005,62.677,41.326,21.05,16.588,28.884,주택매매가격지수
1987-10-01,35.641999999999996,63.591,41.965,21.553,16.826,29.131999999999998,주택매매가격지수
1987-11-01,36.056999999999995,64.339,42.285,21.9,17.034000000000002,29.256,주택매매가격지수
1987-12-01,36.109,64.422,41.965,21.976999999999997,17.064,29.298000000000002,주택매매가격지수
1988-01-01,36.576,65.171,42.285,22.441,17.391,29.505,주택매매가격지수
1988-02-01,37.458,66.334,43.373000000000005,23.175,18.045,30.291999999999998,주택매매가격지수
1988-03-01,38.391,67.914,44.843999999999994,23.87,18.461,30.914,주택매매가격지수
1988-04-01,39.17,69.244,45.483999999999995,24.372,18.847,31.494,주택매매가격지수
1988-05-01,39.533,69.493,45.868,24.874000000000002,19.055999999999997,31.535999999999998,주택매매가격지수
1988-06-01,39.844,69.992,46.187,25.145,19.145,31.535999999999998,주택매매가격지수
1988-07-01,40.259,70.241,46.891000000000005,25.801,19.799,31.826,주택매매가격지수
1988-08-01,41.245,71.571,48.043,26.728,20.511999999999997,32.489000000000004,주택매매가격지수
1988-09-01,41.141000000000005,71.571,48.17,26.535,20.274,32.323,주택매매가격지수
1988-10-01,41.089,71.488,48.426,26.458000000000002,20.125999999999998,32.24,주택매매가격지수
1988-11-01,40.778,71.07300000000001,47.851000000000006,26.11,19.799,31.826,주택매매가격지수
1988-12-01,40.882,70.98899999999999,47.851000000000006,26.381,20.215,31.95,주택매매가격지수
1989-01-01,41.349,71.23899999999999,48.361999999999995,27.076,20.988000000000003,32.446999999999996,주택매매가격지수
1989-02-01,42.646,72.818,50.026,28.505,22.385,33.939,주택매매가격지수
1989-03-01,43.839,74.564,51.945,29.548000000000002,23.217,35.265,주택매매가격지수
1989-04-01,45.655,76.725,54.184,31.363000000000003,24.793000000000003,37.006,주택매매가격지수
1989-05-01,46.018,77.39,55.143,31.671999999999997,24.525,37.047,주택매매가격지수
1989-06-01,46.122,77.556,55.463,31.555999999999997,24.02,36.757,주택매매가격지수
1989-07-01,46.018,77.806,55.271,31.247,23.634,36.591,주택매매가격지수
1989-08-01,46.018,77.723,55.655,31.209,23.634,36.633,주택매매가격지수
1989-09-01,46.122,78.138,55.591,31.17,23.544,36.757,주택매매가격지수
1989-10-01,46.381,78.388,55.975,31.44,23.901,37.006,주택매매가격지수
1989-11-01,46.64,78.803,56.295,31.595,24.02,37.254,주택매매가격지수
1989-12-01,46.848,79.219,56.486999999999995,31.711,24.02,37.254,주택매매가격지수
1990-01-01,47.263000000000005,79.884,57.19,32.174,24.615,37.876,주택매매가격지수
1990-02-01,49.598,83.541,60.453,33.758,26.101,40.114000000000004,주택매매가격지수
1990-03-01,50.739,84.788,62.43600000000001,34.917,27.171,40.983999999999995,주택매매가격지수
1990-04-01,52.347,86.7,64.995,36.577,29.074,42.849,주택매매가격지수
1990-05-01,52.918,87.199,65.571,37.234,29.46,43.097,주택매매가격지수
1990-06-01,53.074,87.28200000000001,65.955,37.62,29.698,43.18,주택매매가격지수
1990-07-01,53.229,87.531,66.01899999999999,37.852,29.906,43.387,주택매매가격지수
1990-08-01,53.644,87.698,66.46600000000001,38.47,30.381999999999998,43.76,주택매매가격지수
1990-09-01,55.045,89.52600000000001,68.002,39.783,31.511,45.086000000000006,주택매매가격지수
1990-10-01,55.771,90.441,69.025,40.71,32.195,45.708,주택매매가격지수
1990-11-01,56.498000000000005,90.94,69.665,41.676,33.086999999999996,46.247,주택매매가격지수
1990-12-01,56.705,91.10600000000001,69.985,41.946000000000005,33.056999999999995,46.288000000000004,주택매매가격지수
1991-01-01,57.016999999999996,91.522,70.433,42.41,33.563,46.661,주택매매가격지수
1991-02-01,57.743,92.02,71.456,43.105,34.306,47.24100000000001,주택매매가격지수
1991-03-01,58.677,93.184,72.48,44.108999999999995,35.525,48.277,주택매매가격지수
1991-04-01,59.974,94.59700000000001,74.46300000000001,45.5,36.625,49.438,주택매매가격지수
1991-05-01,59.922,94.76299999999999,74.335,45.422,36.208,49.106,주택매매가격지수
1991-06-01,59.662,94.59700000000001,73.82300000000001,44.958999999999996,35.554,48.608999999999995,주택매매가격지수
1991-07-01,59.403,94.348,73.567,44.65,35.406,48.526,주택매매가격지수
1991-08-01,59.144,94.182,73.375,44.341,35.198,48.318999999999996,주택매매가격지수
1991-09-01,58.93600000000001,94.098,73.183,43.955,34.722,48.111999999999995,주택매매가격지수
1991-10-01,58.521,93.68299999999999,72.736,43.413999999999994,34.157,47.656000000000006,주택매매가격지수
1991-11-01,57.328,92.436,71.072,42.178000000000004,32.671,46.288000000000004,주택매매가격지수
1991-12-01,56.394,91.43799999999999,69.729,41.174,31.570999999999998,45.294,주택매매가격지수
1992-01-01,56.135,91.023,69.473,40.942,31.511,45.128,주택매매가격지수
1992-02-01,56.031000000000006,90.85700000000001,69.281,40.865,31.451999999999998,45.086000000000006,주택매매가격지수
1992-03-01,55.875,90.60700000000001,68.89699999999999,40.71,31.451999999999998,44.92100000000001,주택매매가격지수
1992-04-01,55.56399999999999,90.35799999999999,68.577,40.44,31.214000000000002,44.672,주택매매가격지수
1992-05-01,54.941,89.52600000000001,67.74600000000001,39.899,30.500999999999998,43.843,주택매매가격지수
1992-06-01,54.318999999999996,88.77799999999999,66.85,39.243,29.816999999999997,43.18,주택매매가격지수
1992-07-01,53.903999999999996,88.113,66.083,38.972,29.668000000000003,42.766000000000005,주택매매가격지수
1992-08-01,53.956,87.86399999999999,66.146,39.243,30.293000000000003,43.013999999999996,주택매매가격지수
1992-09-01,54.371,88.196,66.786,39.745,30.916999999999998,43.677,주택매매가격지수
1992-10-01,54.266999999999996,88.03,66.722,39.667,30.739,43.47,주택매매가격지수
1992-11-01,53.956,87.615,66.274,39.436,30.53,43.18,주택매매가격지수
1992-12-01,53.592,87.03299999999999,65.763,39.126999999999995,30.203000000000003,42.849,주택매매가격지수
1993-01-01,53.489,86.78299999999999,65.635,39.088,30.322,42.849,주택매매가격지수
1993-02-01,53.696000000000005,86.866,65.955,39.397,30.798000000000002,43.097,주택매매가격지수
1993-03-01,53.696000000000005,86.866,66.01899999999999,39.436,30.709,43.013999999999996,주택매매가격지수
1993-04-01,53.489,86.53399999999999,65.763,39.204,30.441,42.766000000000005,주택매매가격지수
1993-05-01,53.177,86.118,65.37899999999999,38.972,30.144000000000002,42.476000000000006,주택매매가격지수
1993-06-01,52.86600000000001,85.70299999999999,65.123,38.663000000000004,29.787,42.103,주택매매가격지수
1993-07-01,52.607,85.287,64.803,38.47,29.698,41.937,주택매매가격지수
1993-08-01,52.451,85.038,64.611,38.354,29.639,41.854,주택매매가격지수
1993-09-01,52.347,84.788,64.483,38.277,29.549,41.771,주택매매가격지수
1993-10-01,52.295,84.705,64.419,38.238,29.49,41.688,주택매매가격지수
1993-11-01,52.14,84.456,64.227,38.2,29.46,41.56399999999999,주택매매가격지수
1993-12-01,52.036,84.29,64.163,38.084,29.371,41.481,주택매매가격지수
1994-01-01,52.036,84.206,64.09899999999999,38.122,29.430999999999997,41.523,주택매매가격지수
1994-02-01,52.088,84.12299999999999,64.163,38.238,29.609,41.688,주택매매가격지수
1994-03-01,52.088,84.12299999999999,64.163,38.277,29.639,41.606,주택매매가격지수
1994-04-01,52.036,84.04,64.09899999999999,38.238,29.609,41.56399999999999,주택매매가격지수
1994-05-01,51.983999999999995,83.95700000000001,64.09899999999999,38.2,29.549,41.523,주택매매가격지수
1994-06-01,51.931999999999995,83.874,64.035,38.2,29.52,41.523,주택매매가격지수
1994-07-01,51.88,83.791,64.035,38.161,29.52,41.523,주택매매가격지수
1994-08-01,51.931999999999995,83.791,63.971000000000004,38.2,29.549,41.56399999999999,주택매매가격지수
1994-09-01,52.036,83.791,64.163,38.354,29.728,41.688,주택매매가격지수
1994-10-01,52.036,83.791,64.163,38.431,29.728,41.688,주택매매가격지수
1994-11-01,51.983999999999995,83.791,64.09899999999999,38.354,29.728,41.688,주택매매가격지수
1994-12-01,51.983999999999995,83.708,64.09899999999999,38.354,29.728,41.688,주택매매가격지수
1995-01-01,51.931999999999995,83.541,64.035,38.354,29.728,41.606,주택매매가격지수
1995-02-01,51.931999999999995,83.541,64.035,38.431,29.758000000000003,41.688,주택매매가격지수
1995-03-01,51.983999999999995,83.541,64.035,38.509,29.816999999999997,41.73,주택매매가격지수
1995-04-01,51.983999999999995,83.458,64.035,38.586,29.936,41.73,주택매매가격지수
1995-05-01,51.931999999999995,83.375,64.035,38.547,29.816999999999997,41.606,주택매매가격지수
1995-06-01,51.931999999999995,83.292,64.035,38.547,29.816999999999997,41.606,주택매매가격지수
1995-07-01,51.88,83.209,63.971000000000004,38.509,29.787,41.56399999999999,주택매매가격지수
1995-08-01,51.88,83.126,63.971000000000004,38.547,29.906,41.56399999999999,주택매매가격지수
1995-09-01,51.931999999999995,83.126,64.035,38.663000000000004,29.936,41.606,주택매매가격지수
1995-10-01,51.931999999999995,83.209,64.09899999999999,38.663000000000004,29.816999999999997,41.56399999999999,주택매매가격지수
1995-11-01,51.88,83.126,64.035,38.625,29.758000000000003,41.481,주택매매가격지수
1995-12-01,51.88,83.126,63.971000000000004,38.625,29.728,41.44,주택매매가격지수
1996-01-01,51.931999999999995,83.126,63.971000000000004,38.74,29.816999999999997,41.481,주택매매가격지수
1996-02-01,52.036,83.209,64.035,38.895,29.875999999999998,41.523,주택매매가격지수
1996-03-01,52.192,83.209,64.163,39.088,29.906,41.56399999999999,주택매매가격지수
1996-04-01,52.244,83.209,64.09899999999999,39.126999999999995,29.906,41.56399999999999,주택매매가격지수
1996-05-01,52.244,83.209,64.163,39.126999999999995,29.875999999999998,41.56399999999999,주택매매가격지수
1996-06-01,52.192,83.126,63.971000000000004,39.088,29.875999999999998,41.523,주택매매가격지수
1996-07-01,52.192,83.126,64.163,39.088,29.906,41.523,주택매매가격지수
1996-08-01,52.244,83.04299999999999,64.227,39.204,30.055,41.606,주택매매가격지수
1996-09-01,52.451,83.126,64.355,39.513000000000005,30.441,41.854,주택매매가격지수
1996-10-01,52.555,83.209,64.355,39.667,30.500999999999998,41.854,주택매매가격지수
1996-11-01,52.607,83.126,64.291,39.783,30.649,41.937,주택매매가격지수
1996-12-01,52.659,82.96,64.291,39.976,30.976,42.06100000000001,주택매매가격지수
1997-01-01,53.229,83.126,64.547,40.788000000000004,31.956999999999997,42.683,주택매매가격지수
1997-02-01,53.696000000000005,83.292,64.803,41.521,32.552,43.056000000000004,주택매매가격지수
1997-03-01,53.903999999999996,83.458,65.059,41.753,32.463,43.056000000000004,주택매매가격지수
1997-04-01,53.956,83.458,65.123,41.792,32.403,43.013999999999996,주택매매가격지수
1997-05-01,53.903999999999996,83.375,64.995,41.792,32.314,42.973,주택매매가격지수
1997-06-01,53.903999999999996,83.292,64.995,41.753,32.314,42.973,주택매매가격지수
1997-07-01,53.852,83.126,64.995,41.792,32.314,42.931999999999995,주택매매가격지수
1997-08-01,53.903999999999996,83.04299999999999,65.059,41.946000000000005,32.492,43.013999999999996,주택매매가격지수
1997-09-01,54.059,83.04299999999999,65.123,42.178000000000004,32.879,43.222,주택매매가격지수
1997-10-01,54.059,82.96,65.251,42.217,32.879,43.263000000000005,주택매매가격지수
1997-11-01,53.956,82.79299999999999,65.059,42.101000000000006,32.73,43.138999999999996,주택매매가격지수
1997-12-01,53.696000000000005,82.461,64.675,41.869,32.582,42.89,주택매매가격지수
1998-01-01,53.281000000000006,82.045,64.291,41.483000000000004,32.135999999999996,42.434,주택매매가격지수
1998-02-01,52.607,81.38,63.652,40.672,31.421999999999997,41.854,주택매매가격지수
1998-03-01,51.153999999999996,79.385,61.79600000000001,39.513000000000005,30.233,40.445,주택매매가격지수
1998-04-01,49.701,77.473,59.813,38.277,28.805999999999997,38.58,주택매매가격지수
1998-05-01,48.508,75.977,58.47,37.118,27.736,37.71,주택매매가격지수
1998-06-01,47.782,74.813,57.702,36.577,27.26,37.13,주택매매가격지수
1998-07-01,47.574,74.314,57.51,36.461999999999996,27.498,37.254,주택매매가격지수
1998-08-01,47.626000000000005,74.23100000000001,57.51,36.616,27.885,37.503,주택매매가격지수
1998-09-01,47.419,74.148,57.51,36.306999999999995,27.647,37.42,주택매매가격지수
1998-10-01,47.055,73.649,57.254,35.998000000000005,27.141,36.964,주택매매가격지수
1998-11-01,46.9,73.4,56.998999999999995,35.844,26.904,36.716,주택매매가격지수
1998-12-01,47.055,73.234,57.063,36.191,27.825,37.213,주택매매가격지수
1999-01-01,47.626000000000005,73.317,57.063,37.001999999999995,28.686999999999998,37.793,주택매매가격지수
1999-02-01,47.73,73.15100000000001,56.806999999999995,37.311,28.805999999999997,37.793,주택매매가격지수
1999-03-01,47.886,73.15100000000001,56.678999999999995,37.62,29.014,37.876,주택매매가격지수
1999-04-01,47.937,72.90100000000001,56.423,37.775,29.163,37.793,주택매매가격지수
1999-05-01,48.041000000000004,72.735,56.358999999999995,37.968,29.401,37.917,주택매매가격지수
1999-06-01,48.041000000000004,72.486,56.103,38.2,29.609,38.042,주택매매가격지수
1999-07-01,48.196999999999996,72.403,56.038999999999994,38.431,30.085,38.29,주택매매가격지수
1999-08-01,48.508,72.486,56.295,38.895,30.768,38.829,주택매매가격지수
1999-09-01,48.871,72.652,56.551,39.358000000000004,31.333000000000002,39.243,주택매매가격지수
1999-10-01,48.923,72.569,56.358999999999995,39.436,31.303,39.285,주택매매가격지수
1999-11-01,48.768,72.319,56.231,39.32,31.155,39.202,주택매매가격지수
1999-12-01,48.663999999999994,72.153,55.975,39.281,31.303,39.285,주택매매가격지수
2000-01-01,48.818999999999996,72.153,56.103,39.474000000000004,31.66,39.451,주택매매가격지수
2000-02-01,49.027,72.236,56.231,39.783,32.135999999999996,39.782,주택매매가격지수
2000-03-01,49.233999999999995,72.319,56.615,40.015,32.433,40.114000000000004,주택매매가격지수
2000-04-01,49.286,72.236,56.678999999999995,40.092,32.433,40.238,주택매매가격지수
2000-05-01,49.233999999999995,72.153,56.615,40.015,32.403,40.238,주택매매가격지수
2000-06-01,49.07899999999999,71.904,56.486999999999995,39.938,32.403,40.238,주택매매가격지수
2000-07-01,49.07899999999999,71.821,56.423,39.976,32.701,40.404,주택매매가격지수
2000-08-01,49.183,71.821,56.615,40.054,32.879,40.57,주택매매가격지수
2000-09-01,49.286,71.738,56.806999999999995,40.247,33.086999999999996,40.818000000000005,주택매매가격지수
2000-10-01,49.338,71.738,56.935,40.324,33.265,40.942,주택매매가격지수
2000-11-01,49.183,71.488,56.678999999999995,40.17,32.998000000000005,40.777,주택매매가격지수
2000-12-01,48.871,71.156,56.423,39.821999999999996,32.611,40.486999999999995,주택매매가격지수
2001-01-01,48.818999999999996,70.906,56.231,39.861,32.641,40.445,주택매매가격지수
2001-02-01,48.975,70.82300000000001,56.551,40.092,33.028,40.694,주택매매가격지수
2001-03-01,49.286,70.98899999999999,56.871,40.44,33.325,40.942,주택매매가격지수
2001-04-01,49.598,71.156,57.126999999999995,40.826,33.681999999999995,41.233000000000004,주택매매가격지수
2001-05-01,49.961000000000006,71.405,57.51,41.251000000000005,34.187,41.688,주택매매가격지수
2001-06-01,50.376000000000005,71.488,57.766000000000005,41.792,34.93,42.227,주택매매가격지수
2001-07-01,50.998000000000005,71.738,58.214,42.56399999999999,35.911,42.931999999999995,주택매매가격지수
2001-08-01,51.983999999999995,72.486,59.11,43.684,37.279,44.05,주택매매가격지수
2001-09-01,52.81399999999999,73.068,60.325,44.573,37.933,44.879,주택매매가격지수
2001-10-01,53.074,73.15100000000001,60.516999999999996,44.843,37.992,44.961999999999996,주택매매가격지수
2001-11-01,53.281000000000006,73.317,60.773,45.075,38.080999999999996,45.086000000000006,주택매매가격지수
2001-12-01,53.696000000000005,73.483,60.901,45.61600000000001,38.914,45.708,주택매매가격지수
2002-01-01,55.097,73.982,61.605,47.47,41.441,47.407,주택매매가격지수
2002-02-01,56.498000000000005,74.813,63.076,49.13,43.254,48.982,주택매매가격지수
2002-03-01,57.795,75.561,64.163,50.637,44.77,50.308,주택매매가격지수
2002-04-01,58.365,76.393,64.995,51.1,45.18600000000001,50.928999999999995,주택매매가격지수
2002-05-01,58.729,76.891,65.443,51.332,45.424,51.385,주택매매가격지수
2002-06-01,58.988,77.22399999999999,65.507,51.641000000000005,45.781000000000006,51.675,주택매매가격지수
2002-07-01,59.559,77.556,65.763,52.375,46.97,52.711000000000006,주택매매가격지수
2002-08-01,60.596000000000004,78.055,66.594,53.611000000000004,48.754,54.07899999999999,주택매매가격지수
2002-09-01,62.049,78.88600000000001,67.426,55.465,51.132,55.861000000000004,주택매매가격지수
2002-10-01,62.36,79.30199999999999,67.426,55.773999999999994,51.162,56.068000000000005,주택매매가격지수
2002-11-01,62.412,79.385,67.618,55.773999999999994,50.864,55.943999999999996,주택매매가격지수
2002-12-01,62.516000000000005,79.219,67.426,56.006,50.894,55.985,주택매매가격지수
2003-01-01,62.464,79.30199999999999,67.426,55.928000000000004,50.062,55.571000000000005,주택매매가격지수
2003-02-01,62.775,79.551,67.682,56.315,50.21,55.778,주택매매가격지수
2003-03-01,63.242,80.05,68.258,56.739,50.508,56.151,주택매매가격지수
2003-04-01,63.813,80.3,68.961,57.396,51.458999999999996,56.897,주택매매가격지수
2003-05-01,64.85,80.715,69.40899999999999,58.708999999999996,52.766999999999996,57.808,주택매매가격지수
2003-06-01,65.317,80.798,69.857,59.405,53.242,58.181000000000004,주택매매가격지수
2003-07-01,65.46300000000001,80.795,70.05199999999999,59.633,53.581,58.494,주택매매가격지수
2003-08-01,65.678,80.822,70.13,59.998000000000005,54.22,58.894,주택매매가격지수
2003-09-01,66.232,81.045,70.487,60.81399999999999,55.566,59.775,주택매매가격지수
2003-10-01,66.893,81.048,70.48899999999999,61.845,56.951,60.672,주택매매가격지수
2003-11-01,66.655,80.615,69.824,61.763000000000005,56.531000000000006,60.282,주택매매가격지수
2003-12-01,66.10300000000001,79.817,68.964,61.363,56.076,59.863,주택매매가격지수
2004-01-01,65.833,79.208,68.53399999999999,61.24,55.91,59.738,주택매매가격지수
2004-02-01,65.967,79.26,68.47,61.456,56.288999999999994,60.034,주택매매가격지수
2004-03-01,66.101,79.19,68.497,61.698,56.603,60.339,주택매매가격지수
2004-04-01,66.211,79.082,68.343,61.942,57.019,60.578,주택매매가격지수
2004-05-01,66.20100000000001,78.95100000000001,68.18,62.011,57.11,60.623999999999995,주택매매가격지수
2004-06-01,66.031,78.631,67.748,61.949,56.979,60.476000000000006,주택매매가격지수
2004-07-01,65.855,78.402,67.331,61.836999999999996,56.763999999999996,60.288999999999994,주택매매가격지수
2004-08-01,65.593,78.043,66.895,61.647,56.422,59.977,주택매매가격지수
2004-09-01,65.455,77.861,66.57300000000001,61.556000000000004,56.239,59.776,주택매매가격지수
2004-10-01,65.296,77.60600000000001,66.181,61.474,56.011,59.534,주택매매가격지수
2004-11-01,65.008,77.251,65.704,61.236000000000004,55.722,59.282,주택매매가격지수
2004-12-01,64.737,76.979,65.192,61.007,55.505,59.023,주택매매가격지수
2005-01-01,64.559,76.789,64.922,60.843,55.335,58.854,주택매매가격지수
2005-02-01,64.765,76.732,64.941,61.173,55.913999999999994,59.214,주택매매가격지수
2005-03-01,65.013,76.788,64.973,61.527,56.196000000000005,59.418,주택매매가격지수
2005-04-01,65.387,76.987,65.078,62.012,56.851000000000006,59.833,주택매매가격지수
2005-05-01,65.742,77.13,65.079,62.505,57.403999999999996,60.205,주택매매가격지수
2005-06-01,66.278,77.29,65.18,63.261,58.669,61.04,주택매매가격지수
2005-07-01,66.827,77.57,65.472,63.95399999999999,59.803000000000004,61.876999999999995,주택매매가격지수
2005-08-01,67.07,77.72800000000001,65.62899999999999,64.244,60.07,62.14,주택매매가격지수
2005-09-01,67.23100000000001,77.923,65.801,64.387,60.174,62.381,주택매매가격지수
2005-10-01,67.21,77.831,65.808,64.385,60.068000000000005,62.38,주택매매가격지수
2005-11-01,67.206,77.74,65.806,64.417,60.214,62.496,주택매매가격지수
2005-12-01,67.336,77.82,65.873,64.578,60.544,62.755,주택매매가격지수
2006-01-01,67.559,77.884,66.00399999999999,64.872,61.107,63.147,주택매매가격지수
2006-02-01,67.865,77.957,66.205,65.27600000000001,61.791000000000004,63.637,주택매매가격지수
2006-03-01,68.3,78.176,66.555,65.808,62.882,64.399,주택매매가격지수
2006-04-01,68.904,78.563,67.06,66.508,64.303,65.39699999999999,주택매매가격지수
2006-05-01,69.608,79.03699999999999,67.582,67.335,65.592,66.355,주택매매가격지수
2006-06-01,69.94,79.233,68.069,67.682,66.01,66.821,주택매매가격지수
2006-07-01,70.09,79.373,68.331,67.81,66.187,67.047,주택매매가격지수
2006-08-01,70.26,79.491,68.735,67.95,66.35600000000001,67.297,주택매매가격지수
2006-09-01,70.59899999999999,79.69800000000001,69.49,68.25,66.764,67.816,주택매매가격지수
2006-10-01,71.54899999999999,80.219,70.742,69.288,68.237,69.14,주택매매가격지수
2006-11-01,73.77,81.132,73.054,71.946,72.485,72.45,주택매매가격지수
2006-12-01,75.145,81.803,74.983,73.457,75.143,74.597,주택매매가격지수
2007-01-01,75.80199999999999,82.11,75.82300000000001,74.199,76.469,75.734,주택매매가격지수
2007-02-01,76.077,82.322,76.495,74.421,76.705,76.04899999999999,주택매매가격지수
2007-03-01,76.217,82.48100000000001,76.919,74.48899999999999,76.829,76.32,주택매매가격지수
2007-04-01,76.316,82.634,77.417,74.485,76.82300000000001,76.494,주택매매가격지수
2007-05-01,76.342,82.744,77.813,74.406,76.668,76.55199999999999,주택매매가격지수
2007-06-01,76.445,82.906,78.203,74.431,76.709,76.76,주택매매가격지수
2007-07-01,76.64399999999999,83.11399999999999,78.74600000000001,74.554,76.941,77.146,주택매매가격지수
2007-08-01,76.789,83.23899999999999,79.118,74.655,77.102,77.383,주택매매가격지수
2007-09-01,76.991,83.45200000000001,79.733,74.767,77.271,77.707,주택매매가격지수
2007-10-01,77.188,83.67399999999999,80.26899999999999,74.88600000000001,77.471,78.02,주택매매가격지수
2007-11-01,77.398,83.963,80.78,75.002,77.715,78.388,주택매매가격지수
2007-12-01,77.507,84.104,81.218,75.032,77.82300000000001,78.638,주택매매가격지수
2008-01-01,77.72,84.26799999999999,81.842,75.161,78.199,79.187,주택매매가격지수
2008-02-01,77.958,84.46600000000001,82.432,75.331,78.62,79.71600000000001,주택매매가격지수
2008-03-01,78.553,84.916,83.72399999999999,75.793,79.708,80.87100000000001,주택매매가격지수
2008-04-01,79.24,85.287,84.59299999999999,76.529,81.282,82.20100000000001,주택매매가격지수
2008-05-01,79.721,85.569,85.507,76.975,81.96799999999999,82.905,주택매매가격지수
2008-06-01,80.204,85.941,86.469,77.395,82.38799999999999,83.476,주택매매가격지수
2008-07-01,80.517,86.12899999999999,87.243,77.639,82.589,83.79799999999999,주택매매가격지수
2008-08-01,80.67699999999999,86.209,87.818,77.732,82.58200000000001,83.973,주택매매가격지수
2008-09-01,80.863,86.33200000000001,88.179,77.89699999999999,82.596,84.137,주택매매가격지수
2008-10-01,80.82,86.3,88.281,77.844,82.346,84.044,주택매매가격지수
2008-11-01,80.49600000000001,86.134,88.152,77.431,81.65100000000001,83.611,주택매매가격지수
2008-12-01,79.914,85.79700000000001,87.61399999999999,76.758,80.314,82.59700000000001,주택매매가격지수
2009-01-01,79.471,85.59,87.16799999999999,76.244,79.578,82.04299999999999,주택매매가격지수
2009-02-01,79.27199999999999,85.51,86.949,76.013,79.444,81.939,주택매매가격지수
2009-03-01,79.134,85.46600000000001,86.867,75.832,79.243,81.777,주택매매가격지수
2009-04-01,79.181,85.53200000000001,86.915,75.868,79.521,81.994,주택매매가격지수
2009-05-01,79.266,85.542,87.001,75.976,79.658,82.069,주택매매가격지수
2009-06-01,79.42,85.611,87.15899999999999,76.149,80.055,82.38,주택매매가격지수
2009-07-01,79.63600000000001,85.708,87.345,76.406,80.759,82.916,주택매매가격지수
2009-08-01,79.888,85.876,87.743,76.649,81.172,83.361,주택매매가격지수
2009-09-01,80.46,86.195,88.49,77.265,82.135,84.295,주택매매가격지수
2009-10-01,80.765,86.43,88.89,77.58,82.42200000000001,84.70100000000001,주택매매가격지수
2009-11-01,80.97,86.51799999999999,89.068,77.835,82.405,84.76700000000001,주택매매가격지수
2009-12-01,81.085,86.569,89.194,77.973,82.382,84.79,주택매매가격지수
2010-01-01,81.189,86.648,89.292,78.087,82.455,84.88,주택매매가격지수
2010-02-01,81.426,86.73100000000001,89.445,78.387,82.676,85.08200000000001,주택매매가격지수
2010-03-01,81.627,86.836,89.654,78.62100000000001,82.66,85.15,주택매매가격지수
2010-04-01,81.785,86.95299999999999,89.852,78.781,82.51700000000001,85.104,주택매매가격지수
2010-05-01,81.82300000000001,86.992,89.844,78.82600000000001,82.21600000000001,84.91799999999999,주택매매가격지수
2010-06-01,81.832,87.046,89.94,78.793,81.751,84.632,주택매매가격지수
2010-07-01,81.755,87.05799999999999,89.729,78.714,81.322,84.338,주택매매가격지수
2010-08-01,81.714,86.99799999999999,89.641,78.688,80.953,84.042,주택매매가격지수
2010-09-01,81.793,87.01100000000001,89.62200000000001,78.812,80.747,83.89200000000001,주택매매가격지수
2010-10-01,81.963,87.072,89.741,79.031,80.59899999999999,83.789,주택매매가격지수
2010-11-01,82.27799999999999,87.176,89.882,79.461,80.518,83.745,주택매매가격지수
2010-12-01,82.616,87.244,90.01700000000001,79.943,80.575,83.79,주택매매가격지수
2011-01-01,83.00299999999999,87.38799999999999,90.209,80.456,80.7,83.912,주택매매가격지수
2011-02-01,83.667,87.587,90.618,81.34,80.943,84.12899999999999,주택매매가격지수
2011-03-01,84.48200000000001,87.939,91.07600000000001,82.405,81.061,84.321,주택매매가격지수
2011-04-01,85.178,88.10700000000001,91.311,83.396,81.066,84.366,주택매매가격지수
2011-05-01,85.77,88.223,91.479,84.25399999999999,80.998,84.37799999999999,주택매매가격지수
2011-06-01,86.19200000000001,88.37,91.67399999999999,84.81700000000001,80.903,84.351,주택매매가격지수
2011-07-01,86.544,88.539,91.792,85.29,80.77199999999999,84.271,주택매매가격지수
2011-08-01,86.971,88.682,92.008,85.89299999999999,80.684,84.25,주택매매가격지수
2011-09-01,87.445,88.98700000000001,92.255,86.48700000000001,80.596,84.229,주택매매가격지수
2011-10-01,87.79299999999999,89.194,92.396,86.94,80.493,84.194,주택매매가격지수
2011-11-01,88.14,89.35700000000001,92.492,87.426,80.348,84.12200000000001,주택매매가격지수
2011-12-01,88.287,89.459,92.54700000000001,87.618,80.219,84.029,주택매매가격지수
2012-01-01,88.425,89.553,92.626,87.785,80.089,83.954,주택매매가격지수
2012-02-01,88.573,89.706,92.682,87.95299999999999,79.97800000000001,83.87799999999999,주택매매가격지수
2012-03-01,88.70700000000001,89.79899999999999,92.75200000000001,88.12200000000001,79.779,83.77600000000001,주택매매가격지수
2012-04-01,88.802,89.904,92.735,88.24700000000001,79.433,83.553,주택매매가격지수
2012-05-01,88.845,90.024,92.774,88.272,79.22399999999999,83.42399999999999,주택매매가격지수
2012-06-01,88.814,90.072,92.751,88.22,78.98100000000001,83.258,주택매매가격지수
2012-07-01,88.713,90.109,92.60799999999999,88.09,78.557,82.911,주택매매가격지수
2012-08-01,88.624,90.116,92.59,87.956,78.189,82.678,주택매매가격지수
2012-09-01,88.49,90.145,92.491,87.76799999999999,77.684,82.324,주택매매가격지수
2012-10-01,88.391,90.20700000000001,92.45100000000001,87.61399999999999,77.21300000000001,82.02,주택매매가격지수
2012-11-01,88.323,90.22200000000001,92.374,87.531,76.907,81.812,주택매매가격지수
2012-12-01,88.262,90.21600000000001,92.307,87.45700000000001,76.626,81.609,주택매매가격지수
2013-01-01,88.214,90.245,92.29899999999999,87.38,76.339,81.42,주택매매가격지수
2013-02-01,88.162,90.27,92.27799999999999,87.31,76.139,81.278,주택매매가격지수
2013-03-01,88.12200000000001,90.29700000000001,92.209,87.264,75.944,81.12100000000001,주택매매가격지수
2013-04-01,88.124,90.35799999999999,92.195,87.25299999999999,75.847,81.058,주택매매가격지수
2013-05-01,88.11200000000001,90.39200000000001,92.156,87.23299999999999,75.806,81.0,주택매매가격지수
2013-06-01,88.07700000000001,90.42399999999999,92.085,87.181,75.648,80.883,주택매매가격지수
2013-07-01,88.074,90.509,92.042,87.15799999999999,75.398,80.689,주택매매가격지수
2013-08-01,88.04,90.555,92.01,87.09899999999999,75.181,80.532,주택매매가격지수
2013-09-01,88.086,90.613,92.054,87.13600000000001,75.143,80.525,주택매매가격지수
2013-10-01,88.265,90.75,92.149,87.339,75.21300000000001,80.58,주택매매가격지수
2013-11-01,88.419,90.83,92.171,87.54,75.221,80.57300000000001,주택매매가격지수
2013-12-01,88.588,90.945,92.22200000000001,87.74799999999999,75.219,80.57300000000001,주택매매가격지수
2014-01-01,88.689,91.061,92.258,87.85700000000001,75.244,80.585,주택매매가격지수
2014-02-01,88.834,91.17399999999999,92.338,88.023,75.34,80.658,주택매매가격지수
2014-03-01,89.083,91.321,92.431,88.333,75.516,80.795,주택매매가격지수
2014-04-01,89.26700000000001,91.444,92.494,88.557,75.577,80.836,주택매매가격지수
2014-05-01,89.32700000000001,91.53,92.531,88.613,75.553,80.828,주택매매가격지수
2014-06-01,89.389,91.632,92.568,88.664,75.47800000000001,80.773,주택매매가격지수
2014-07-01,89.471,91.742,92.595,88.745,75.473,80.775,주택매매가격지수
2014-08-01,89.59100000000001,91.87200000000001,92.65899999999999,88.869,75.49600000000001,80.79899999999999,주택매매가격지수
2014-09-01,89.836,92.068,92.76899999999999,89.15299999999999,75.73,80.971,주택매매가격지수
2014-10-01,90.101,92.226,92.90299999999999,89.47200000000001,75.95100000000001,81.137,주택매매가격지수
2014-11-01,90.28399999999999,92.368,92.991,89.684,76.028,81.21300000000001,주택매매가격지수
2014-12-01,90.45,92.48299999999999,93.054,89.884,76.04,81.218,주택매매가격지수
2015-01-01,90.57,92.588,93.096,90.021,76.104,81.262,주택매매가격지수
2015-02-01,90.777,92.719,93.236,90.26,76.25,81.387,주택매매가격지수
2015-03-01,91.15100000000001,93.039,93.508,90.67,76.613,81.675,주택매매가격지수
2015-04-01,91.602,93.34100000000001,93.86200000000001,91.182,77.033,82.027,주택매매가격지수
2015-05-01,91.94200000000001,93.559,94.036,91.59299999999999,77.333,82.295,주택매매가격지수
2015-06-01,92.365,93.89299999999999,94.315,92.069,77.715,82.64299999999999,주택매매가격지수
2015-07-01,92.757,94.24700000000001,94.65299999999999,92.479,78.079,83.00299999999999,주택매매가격지수
2015-08-01,93.12,94.523,94.834,92.9,78.509,83.354,주택매매가격지수
2015-09-01,93.557,94.765,95.023,93.441,79.084,83.775,주택매매가격지수
2015-10-01,93.875,95.03399999999999,95.29700000000001,93.77600000000001,79.475,84.14,주택매매가격지수
2015-11-01,94.275,95.354,95.493,94.24,80.015,84.561,주택매매가격지수
2015-12-01,94.447,95.524,95.586,94.428,80.268,84.744,주택매매가격지수
2016-01-01,94.525,95.624,95.65100000000001,94.505,80.359,84.822,주택매매가격지수
2016-02-01,94.59299999999999,95.72200000000001,95.65799999999999,94.581,80.47800000000001,84.917,주택매매가격지수
2016-03-01,94.626,95.771,95.749,94.595,80.535,84.995,주택매매가격지수
2016-04-01,94.665,95.83200000000001,95.803,94.624,80.63,85.079,주택매매가격지수
2016-05-01,94.727,95.87200000000001,95.845,94.69,80.855,85.24700000000001,주택매매가격지수
2016-06-01,94.81299999999999,95.936,95.93,94.77600000000001,81.178,85.495,주택매매가격지수
2016-07-01,94.936,95.99700000000001,96.024,94.90799999999999,81.619,85.816,주택매매가격지수
2016-08-01,95.056,96.046,96.09700000000001,95.042,82.07600000000001,86.14,주택매매가격지수
2016-09-01,95.186,96.12,96.19200000000001,95.186,82.434,86.406,주택매매가격지수
2016-10-01,95.416,96.22200000000001,96.31200000000001,95.462,83.025,86.834,주택매매가격지수
2016-11-01,95.656,96.292,96.428,95.764,83.573,87.21700000000001,주택매매가격지수
2016-12-01,95.727,96.337,96.46700000000001,95.84299999999999,83.656,87.291,주택매매가격지수
2017-01-01,95.74799999999999,96.34200000000001,96.484,95.86200000000001,83.68,87.314,주택매매가격지수
2017-02-01,95.759,96.355,96.508,95.866,83.712,87.34299999999999,주택매매가격지수
2017-03-01,95.78399999999999,96.391,96.537,95.883,83.796,87.414,주택매매가격지수
2017-04-01,95.82,96.42399999999999,96.569,95.916,83.911,87.505,주택매매가격지수
2017-05-01,95.87,96.45100000000001,96.615,95.962,84.095,87.645,주택매매가격지수
2017-06-01,96.037,96.48200000000001,96.67,96.177,84.81299999999999,88.125,주택매매가격지수
2017-07-01,96.262,96.555,96.875,96.427,85.541,88.68,주택매매가격지수
2017-08-01,96.491,96.63799999999999,96.97399999999999,96.70200000000001,86.44,89.296,주택매매가격지수
2017-09-01,96.572,96.79,97.039,96.757,86.569,89.426,주택매매가격지수
2017-10-01,96.681,96.917,97.137,96.854,86.955,89.706,주택매매가격지수
2017-11-01,96.814,97.04700000000001,97.23,96.98,87.494,90.101,주택매매가격지수
2017-12-01,96.913,97.083,97.272,97.09700000000001,88.072,90.508,주택매매가격지수
2018-01-01,97.094,97.139,97.41,97.29899999999999,89.06200000000001,91.149,주택매매가격지수
2018-02-01,97.304,97.33200000000001,97.618,97.49700000000001,89.94,91.78200000000001,주택매매가격지수
2018-03-01,97.54700000000001,97.459,97.804,97.764,91.068,92.625,주택매매가격지수
2018-04-01,97.711,97.671,97.96700000000001,97.897,91.807,93.27,주택매매가격지수
2018-05-01,97.81,97.916,98.054,97.948,92.17299999999999,93.62299999999999,주택매매가격지수
2018-06-01,97.904,98.116,98.148,98.00299999999999,92.531,93.98100000000001,주택매매가격지수
2018-07-01,98.01799999999999,98.369,98.40100000000001,98.022,93.02,94.535,주택매매가격지수
2018-08-01,98.227,98.493,98.521,98.249,94.10700000000001,95.291,주택매매가격지수
2018-09-01,99.193,99.09299999999999,99.15,99.316,97.71600000000001,98.008,주택매매가격지수
2018-10-01,99.75,99.419,99.521,99.926,99.512,99.41,주택매매가격지수
2018-11-01,99.902,99.637,99.73899999999999,100.03,99.905,99.805,주택매매가격지수
2018-12-01,99.98,99.90799999999999,99.881,100.02799999999999,100.014,99.96,주택매매가격지수
2019-01-01,100.0,100.0,100.0,100.0,100.0,100.0,주택매매가격지수
2019-02-01,99.934,100.07600000000001,99.964,99.88600000000001,99.90799999999999,99.95299999999999,주택매매가격지수
2019-03-01,99.829,100.17399999999999,99.946,99.693,99.73899999999999,99.869,주택매매가격지수
2019-04-01,99.691,100.23299999999999,99.94200000000001,99.45299999999999,99.595,99.869,주택매매가격지수
2019-05-01,99.625,100.323,99.973,99.315,99.535,99.919,주택매매가격지수
2019-06-01,99.538,100.461,100.05,99.118,99.459,100.037,주택매매가격지수
2019-07-01,99.531,100.617,100.116,99.03,99.82700000000001,100.302,주택매매가격지수
2019-08-01,99.586,100.75299999999999,100.3,99.014,100.229,100.682,주택매매가격지수
2019-09-01,99.64,100.76,100.42399999999999,99.041,100.677,101.06,주택매매가격지수
2019-10-01,99.73299999999999,100.766,100.473,99.152,101.26,101.432,주택매매가격지수
2019-11-01,99.874,100.869,100.56700000000001,99.29700000000001,101.83,101.848,주택매매가격지수
2019-12-01,100.22200000000001,101.00200000000001,100.71799999999999,99.726,102.92,102.56,주택매매가격지수
2020-01-01,100.57600000000001,101.249,100.991,100.103,103.60600000000001,103.056,주택매매가격지수
2020-02-01,100.948,101.366,101.197,100.559,104.139,103.417,주택매매가격지수
2020-03-01,101.51100000000001,101.53,101.395,101.295,104.90100000000001,103.905,주택매매가격지수
2020-04-01,101.744,101.70200000000001,101.575,101.54799999999999,105.06299999999999,104.072,주택매매가격지수
2020-05-01,101.884,101.88799999999999,101.743,101.65799999999999,105.06200000000001,104.09200000000001,주택매매가격지수
2020-06-01,102.37700000000001,102.26299999999999,102.25200000000001,102.149,105.60600000000001,104.641,주택매매가격지수
2020-07-01,103.27799999999999,102.473,102.77600000000001,103.28399999999999,107.86399999999999,106.162,주택매매가격지수
2020-08-01,104.081,102.714,103.346,104.24600000000001,110.079,107.757,주택매매가격지수
2020-09-01,104.90899999999999,102.891,103.801,105.29799999999999,112.27600000000001,109.28399999999999,주택매매가격지수
2020-10-01,105.611,103.553,104.78299999999999,105.905,113.11200000000001,110.303,주택매매가격지수
2020-11-01,107.125,104.334,106.398,107.506,114.853,112.139,주택매매가격지수
2020-12-01,108.586,104.90899999999999,107.23700000000001,109.346,116.365,113.53200000000001,주택매매가격지수
2021-01-01,109.87799999999999,105.303,107.895,111.005,118.23,114.97399999999999,주택매매가격지수
2021-02-01,111.375,105.71799999999999,108.706,112.95700000000001,120.12100000000001,116.29,주택매매가격지수
2021-03-01,112.84200000000001,106.095,109.425,114.911,121.721,117.411,주택매매가격지수
1986-01-01,17.601,35.506,18.059,10.793,9.782,16.755,주택전세가격지수
1986-02-01,17.852999999999998,35.731,18.155,11.104000000000001,10.195,17.066,주택전세가격지수
1986-03-01,18.273,36.553000000000004,18.823,11.446,10.55,17.573,주택전세가격지수
1986-04-01,18.651,37.150999999999996,19.158,11.695,10.787,18.002,주택전세가격지수
1986-05-01,18.692999999999998,37.150999999999996,19.301,11.725999999999999,10.875,18.04,주택전세가격지수
1986-06-01,18.651,37.150999999999996,19.301,11.664000000000001,10.787,17.963,주택전세가격지수
1986-07-01,18.609,37.076,19.253,11.633,10.787,17.924,주택전세가격지수
1986-08-01,18.651,37.150999999999996,19.253,11.725999999999999,10.875,17.963,주택전세가격지수
1986-09-01,18.945,37.599000000000004,19.54,12.037,11.318,18.352,주택전세가격지수
1986-10-01,19.070999999999998,37.898,19.54,12.130999999999998,11.347999999999999,18.43,주택전세가격지수
1986-11-01,18.777,37.375,19.158,11.850999999999999,10.875,17.846,주택전세가격지수
1986-12-01,18.609,37.150999999999996,18.919,11.602,10.520999999999999,17.495,주택전세가격지수
1987-01-01,18.525,37.076,18.823,11.633,10.698,17.534000000000002,주택전세가격지수
1987-02-01,18.819000000000003,37.375,19.015,11.944,11.082,17.885,주택전세가격지수
1987-03-01,19.365,38.347,19.827,12.347999999999999,11.495999999999999,18.508,주택전세가격지수
1987-04-01,19.910999999999998,39.468,20.448,12.722000000000001,11.85,18.976,주택전세가격지수
1987-05-01,20.037,39.618,20.590999999999998,12.845999999999998,11.909,19.093,주택전세가격지수
1987-06-01,20.205,39.917,20.686999999999998,12.908,11.998,19.17,주택전세가격지수
1987-07-01,20.247,39.917,20.734,12.970999999999998,11.998,19.131,주택전세가격지수
1987-08-01,20.331,40.141,20.781999999999996,13.064,12.087,19.209,주택전세가격지수
1987-09-01,21.34,42.083999999999996,21.738000000000003,13.779000000000002,12.677999999999999,19.989,주택전세가격지수
1987-10-01,21.76,42.981,22.215999999999998,13.966,12.796,20.339000000000002,주택전세가격지수
1987-11-01,22.18,43.729,22.406999999999996,14.277000000000001,13.062000000000001,20.573,주택전세가격지수
1987-12-01,22.221999999999998,44.028,22.359,14.277000000000001,13.062000000000001,20.69,주택전세가격지수
1988-01-01,22.474,44.476000000000006,22.454,14.495,13.298,20.846,주택전세가격지수
1988-02-01,23.188000000000002,45.672,23.458000000000002,15.023,13.86,21.741999999999997,주택전세가격지수
1988-03-01,24.28,47.915,24.651999999999997,15.645,14.481,22.95,주택전세가격지수
1988-04-01,25.078000000000003,49.63399999999999,25.081999999999997,16.081,14.806,23.573,주택전세가격지수
1988-05-01,25.246,49.933,25.225,16.33,14.865,23.573,주택전세가격지수
1988-06-01,25.414,50.382,25.225,16.361,14.687000000000001,23.379,주택전세가격지수
1988-07-01,25.456,50.531000000000006,25.273000000000003,16.392,14.717,23.379,주택전세가격지수
1988-08-01,25.918000000000003,51.278999999999996,25.655,16.734,14.953,23.651,주택전세가격지수
1988-09-01,26.002,51.503,25.608,16.734,14.924000000000001,23.651,주택전세가격지수
1988-10-01,25.834,51.278999999999996,25.655,16.641,14.745999999999999,23.379,주택전세가격지수
1988-11-01,25.456,50.531000000000006,25.178,16.299,14.215,22.677,주택전세가격지수
1988-12-01,25.162,49.933,24.986,16.174,13.978,22.21,주택전세가격지수
1989-01-01,25.414,50.232,25.320999999999998,16.392,14.333,22.521,주택전세가격지수
1989-02-01,26.212,51.278999999999996,26.563000000000002,17.17,15.219000000000001,23.534000000000002,주택전세가격지수
1989-03-01,27.136999999999997,52.998000000000005,27.614,17.854,16.017,24.859,주택전세가격지수
1989-04-01,28.271,55.016000000000005,28.951999999999998,18.725,16.904,26.184,주택전세가격지수
1989-05-01,28.523000000000003,55.465,29.095,18.849,16.756,26.223000000000003,주택전세가격지수
1989-06-01,28.397,55.39,29.143,18.694000000000003,16.430999999999997,25.95,주택전세가격지수
1989-07-01,28.313000000000002,55.39,29.191,18.445,16.165,25.833000000000002,주택전세가격지수
1989-08-01,28.397,55.39,29.191,18.663,16.608,26.066999999999997,주택전세가격지수
1989-09-01,29.069000000000003,56.287,29.955,19.378,17.761,27.275,주택전세가격지수
1989-10-01,29.573,57.035,30.433000000000003,19.969,18.381,27.781999999999996,주택전세가격지수
1989-11-01,29.615,57.25899999999999,30.433000000000003,19.907,18.352,27.665,주택전세가격지수
1989-12-01,29.573,57.25899999999999,30.433000000000003,19.782,18.115,27.47,주택전세가격지수
1990-01-01,30.329,58.38,31.006,20.529,19.238,28.6,주택전세가격지수
1990-02-01,33.942,65.407,35.354,22.8,21.809,32.73,주택전세가격지수
1990-03-01,34.74,66.827,36.5,23.39,22.371,33.47,주택전세가격지수
1990-04-01,35.538000000000004,68.098,37.742,24.013,22.844,34.133,주택전세가격지수
1990-05-01,35.202,67.5,37.313,23.795,22.253,33.198,주택전세가격지수
1990-06-01,34.782,66.60300000000001,37.074,23.484,21.78,32.457,주택전세가격지수
1990-07-01,34.571999999999996,66.154,37.121,23.359,22.636999999999997,32.185,주택전세가격지수
1990-08-01,34.74,66.079,37.121,23.67,22.075,32.34,주택전세가격지수
1990-09-01,35.16,66.752,37.647,24.168000000000003,22.726,32.885999999999996,주택전세가격지수
1990-10-01,35.328,66.976,37.981,24.324,22.844,33.003,주택전세가격지수
1990-11-01,35.328,66.528,37.79,24.635,23.464000000000002,33.080999999999996,주택전세가격지수
1990-12-01,34.53,65.108,37.313,23.919,22.4,31.912,주택전세가격지수
1991-01-01,34.53,64.734,37.121,24.136999999999997,22.962,32.223,주택전세가격지수
1991-02-01,35.202,65.257,38.125,24.976999999999997,24.144000000000002,33.236999999999995,주택전세가격지수
1991-03-01,36.168,66.976,39.319,25.691999999999997,25.149,34.717,주택전세가격지수
1991-04-01,37.008,68.471,40.37,26.252,25.444000000000003,35.496,주택전세가격지수
1991-05-01,36.672,68.172,40.036,25.879,24.676,34.678000000000004,주택전세가격지수
1991-06-01,36.084,67.35,39.176,25.381,23.76,33.782,주택전세가격지수
1991-07-01,35.748000000000005,66.752,38.841,25.163,23.73,33.586999999999996,주택전세가격지수
1991-08-01,35.622,66.453,38.794000000000004,25.039,23.671,33.47,주택전세가격지수
1991-09-01,35.874,66.453,39.319,25.412,24.499000000000002,34.133,주택전세가격지수
1991-10-01,36.084,66.752,39.654,25.568,24.794,34.328,주택전세가격지수
1991-11-01,35.705999999999996,66.378,39.319,25.163,24.144000000000002,33.743,주택전세가격지수
1991-12-01,35.202,65.48100000000001,38.889,24.728,23.464000000000002,33.159,주택전세가격지수
1992-01-01,35.244,65.257,38.985,24.915,24.026,33.391999999999996,주택전세가격지수
1992-02-01,35.622,65.556,39.558,25.412,24.765,33.938,주택전세가격지수
1992-03-01,36.882,67.35,41.565,26.439,25.976,35.341,주택전세가격지수
1992-04-01,37.554,68.471,42.376999999999995,26.967,26.272,35.885999999999996,주택전세가격지수
1992-05-01,37.848,69.294,42.568000000000005,27.03,26.154,35.925,주택전세가격지수
1992-06-01,37.638000000000005,69.219,42.233000000000004,26.811999999999998,25.71,35.574,주택전세가격지수
1992-07-01,37.512,68.92,42.042,26.719,25.651,35.341,주택전세가격지수
1992-08-01,37.806,69.219,42.424,27.03,26.36,35.885999999999996,주택전세가격지수
1992-09-01,38.352,70.041,43.428000000000004,27.496,26.745,36.586999999999996,주택전세가격지수
1992-10-01,38.436,70.34,43.523,27.434,26.596999999999998,36.431999999999995,주택전세가격지수
1992-11-01,38.226,70.191,43.18899999999999,27.154,26.241999999999997,36.198,주택전세가격지수
1992-12-01,37.848,69.742,42.61600000000001,26.811999999999998,25.858,35.73,주택전세가격지수
1993-01-01,37.848,69.518,42.568000000000005,26.905,26.094,35.847,주택전세가격지수
1993-02-01,38.394,70.265,43.428000000000004,27.434,26.686,36.393,주택전세가격지수
1993-03-01,39.025,71.237,44.24,27.994,27.188000000000002,37.055,주택전세가격지수
1993-04-01,39.150999999999996,71.461,44.24,28.118000000000002,27.129,36.938,주택전세가격지수
1993-05-01,38.983000000000004,71.387,43.953,27.838,26.745,36.586999999999996,주택전세가격지수
1993-06-01,38.689,70.938,43.571000000000005,27.651999999999997,26.42,36.12,주택전세가격지수
1993-07-01,38.562,70.639,43.284,27.526999999999997,26.36,36.003,주택전세가격지수
1993-08-01,38.562,70.564,43.284,27.59,26.449,36.042,주택전세가격지수
1993-09-01,38.689,70.789,43.428000000000004,27.745,26.508000000000003,36.042,주택전세가격지수
1993-10-01,38.857,70.938,43.523,27.932,26.596999999999998,36.080999999999996,주택전세가격지수
1993-11-01,38.815,70.938,43.476000000000006,27.932,26.508000000000003,36.003,주택전세가격지수
1993-12-01,38.773,70.863,43.38,27.838,26.39,35.885999999999996,주택전세가격지수
1994-01-01,38.815,70.789,43.428000000000004,27.932,26.479,35.885999999999996,주택전세가격지수
1994-02-01,39.025,70.938,43.762,28.243000000000002,26.892,36.198,주택전세가격지수
1994-03-01,39.445,71.461,44.335,28.647,27.365,36.586999999999996,주택전세가격지수
1994-04-01,39.613,71.536,44.527,28.865,27.69,36.821,주택전세가격지수
1994-05-01,39.696999999999996,71.611,44.622,28.958000000000002,27.749000000000002,36.821,주택전세가격지수
1994-06-01,39.781,71.76,44.622,29.02,27.868000000000002,36.938,주택전세가격지수
1994-07-01,39.781,71.76,44.67,29.02,27.809,36.899,주택전세가격지수
1994-08-01,39.949,71.985,44.957,29.206999999999997,28.074,37.094,주택전세가격지수
1994-09-01,40.369,72.508,45.482,29.611,28.546999999999997,37.64,주택전세가격지수
1994-10-01,40.537,72.732,45.673,29.736,28.636,37.756,주택전세가격지수
1994-11-01,40.537,72.882,45.769,29.767,28.636,37.717,주택전세가격지수
1994-12-01,40.537,72.807,45.769,29.705,28.576999999999998,37.678000000000004,주택전세가격지수
1995-01-01,40.579,72.882,45.817,29.798000000000002,28.666,37.756,주택전세가격지수
1995-02-01,40.957,73.255,46.246,30.14,29.05,38.185,주택전세가격지수
1995-03-01,41.503,74.003,47.011,30.638,29.523000000000003,38.769,주택전세가격지수
1995-04-01,41.755,74.45100000000001,47.441,30.886999999999997,29.7,38.964,주택전세가격지수
1995-05-01,41.713,74.45100000000001,47.441,30.855999999999998,29.581999999999997,38.885999999999996,주택전세가격지수
1995-06-01,41.713,74.45100000000001,47.393,30.824,29.523000000000003,38.847,주택전세가격지수
1995-07-01,41.67100000000001,74.377,47.298,30.761999999999997,29.493000000000002,38.769,주택전세가격지수
1995-08-01,41.713,74.30199999999999,47.345,30.855999999999998,29.611,38.885999999999996,주택전세가격지수
1995-09-01,41.965,74.676,47.68,31.104,29.788,39.080999999999996,주택전세가격지수
1995-10-01,42.091,74.9,47.919,31.229,29.788,39.159,주택전세가격지수
1995-11-01,42.091,74.9,47.871,31.166999999999998,29.7,39.042,주택전세가격지수
1995-12-01,42.007,74.75,47.775,31.104,29.552,38.964,주택전세가격지수
1996-01-01,42.175,74.9,47.919,31.353,29.788,39.159,주택전세가격지수
1996-02-01,42.678999999999995,75.498,48.301,31.851,30.201999999999998,39.588,주택전세가격지수
1996-03-01,43.351000000000006,76.171,49.065,32.535,30.557,39.977,주택전세가격지수
1996-04-01,43.603,76.47,49.303999999999995,32.815,30.764,40.133,주택전세가격지수
1996-05-01,43.645,76.395,49.303999999999995,32.876999999999995,30.793000000000003,40.172,주택전세가격지수
1996-06-01,43.645,76.245,49.4,32.94,30.881999999999998,40.211,주택전세가격지수
1996-07-01,43.645,76.245,49.4,32.94,31.0,40.289,주택전세가격지수
1996-08-01,43.981,76.395,49.876999999999995,33.375,31.590999999999998,40.796,주택전세가격지수
1996-09-01,44.653999999999996,76.993,50.403,34.153,32.448,41.575,주택전세가격지수
1996-10-01,44.864,77.292,50.641999999999996,34.37,32.419000000000004,41.614,주택전세가격지수
1996-11-01,44.864,77.367,50.498000000000005,34.308,32.211999999999996,41.458,주택전세가격지수
1996-12-01,44.738,77.142,50.355,34.277,32.419000000000004,41.536,주택전세가격지수
1997-01-01,45.032,77.217,50.498000000000005,34.65,32.98,41.926,주택전세가격지수
1997-02-01,45.494,77.516,50.976000000000006,35.272,33.482,42.354,주택전세가격지수
1997-03-01,45.872,77.89,51.406000000000006,35.583,33.482,42.471000000000004,주택전세가격지수
1997-04-01,45.913999999999994,77.965,51.45399999999999,35.615,33.453,42.471000000000004,주택전세가격지수
1997-05-01,45.788000000000004,77.89,51.31100000000001,35.521,33.217,42.276,주택전세가격지수
1997-06-01,45.662,77.74,51.31100000000001,35.397,32.832,42.042,주택전세가격지수
1997-07-01,45.62,77.516,51.263000000000005,35.335,32.744,41.926,주택전세가격지수
1997-08-01,45.62,77.516,51.215,35.397,32.803000000000004,41.926,주택전세가격지수
1997-09-01,45.788000000000004,77.59100000000001,51.358000000000004,35.646,33.246,42.198,주택전세가격지수
1997-10-01,45.746,77.59100000000001,51.358000000000004,35.521,33.01,42.042,주택전세가격지수
1997-11-01,45.494,77.367,51.12,35.272,32.537,41.653,주택전세가격지수
1997-12-01,45.11600000000001,77.068,50.69,34.836999999999996,31.916,41.068000000000005,주택전세가격지수
1998-01-01,44.653999999999996,76.544,50.163999999999994,34.339,31.384,40.406,주택전세가격지수
1998-02-01,43.56100000000001,75.348,49.208999999999996,33.251,30.201999999999998,39.354,주택전세가격지수
1998-03-01,41.797,72.956,47.059,31.601999999999997,27.927,36.899,주택전세가격지수
1998-04-01,39.486999999999995,69.593,44.335,29.642,25.000999999999998,33.314,주택전세가격지수
1998-05-01,37.931999999999995,67.5,42.75899999999999,28.180999999999997,23.316999999999997,31.756,주택전세가격지수
1998-06-01,37.092,66.005,42.042,27.496,22.666,30.976999999999997,주택전세가격지수
1998-07-01,36.84,65.407,41.756,27.340999999999998,23.11,31.21,주택전세가격지수
1998-08-01,37.134,65.407,42.233000000000004,27.807,24.261999999999997,32.029,주택전세가격지수
1998-09-01,37.218,65.257,42.18600000000001,28.025,24.941999999999997,32.379,주택전세가격지수
1998-10-01,36.882,64.734,41.66,27.745,24.44,31.834,주택전세가격지수
1998-11-01,36.672,64.36,41.42100000000001,27.59,24.144000000000002,31.483,주택전세가격지수
1998-12-01,36.798,64.285,41.42100000000001,27.807,24.765,31.756,주택전세가격지수
1999-01-01,37.554,64.13600000000001,41.851000000000006,28.927,26.006,32.535,주택전세가격지수
1999-02-01,38.604,64.13600000000001,42.95,30.296,27.660999999999998,33.704,주택전세가격지수
1999-03-01,39.361,64.734,43.093,31.229,28.576999999999998,34.328,주택전세가격지수
1999-04-01,39.907,65.033,43.714,31.82,29.168000000000003,34.873000000000005,주택전세가격지수
1999-05-01,40.327,65.332,44.144,32.317,29.7,35.419000000000004,주택전세가격지수
1999-06-01,40.579,65.033,44.431000000000004,32.753,30.114,35.808,주택전세가격지수
1999-07-01,40.915,65.332,44.909,33.064,30.675,36.315,주택전세가격지수
1999-08-01,41.586999999999996,65.78,45.864,33.779,31.768,37.367,주택전세가격지수
1999-09-01,42.595,66.304,47.202,34.836999999999996,33.069,38.536,주택전세가격지수
1999-10-01,43.015,66.60300000000001,47.68,35.303000000000004,33.246,38.925,주택전세가격지수
1999-11-01,43.015,66.67699999999999,47.871,35.241,33.01,38.925,주택전세가격지수
1999-12-01,42.973,66.528,47.775,35.241,32.803000000000004,38.808,주택전세가격지수
2000-01-01,43.519,66.976,48.492,35.801,33.305,39.393,주택전세가격지수
2000-02-01,44.78,67.873,50.068999999999996,37.108000000000004,34.753,40.874,주택전세가격지수
2000-03-01,45.788000000000004,69.069,51.597,37.916,35.669000000000004,42.042,주택전세가격지수
2000-04-01,46.376000000000005,69.742,52.457,38.476,36.172,42.744,주택전세가격지수
2000-05-01,46.418,69.742,52.457,38.507,36.29,42.821999999999996,주택전세가격지수
2000-06-01,46.333999999999996,69.667,52.41,38.414,36.201,42.783,주택전세가격지수
2000-07-01,46.418,69.742,52.31399999999999,38.569,36.408,43.016999999999996,주택전세가격지수
2000-08-01,47.09,70.564,53.365,39.098,37.029,43.913000000000004,주택전세가격지수
2000-09-01,47.972,71.611,54.368,39.907,37.915,44.848,주택전세가격지수
2000-10-01,48.476000000000006,72.28399999999999,54.894,40.373000000000005,38.329,45.393,주택전세가격지수
2000-11-01,48.308,72.209,54.894,40.125,37.679,44.965,주택전세가격지수
2000-12-01,47.762,71.985,54.177,39.534,36.763000000000005,44.147,주택전세가격지수
2001-01-01,47.803999999999995,71.686,54.034,39.689,37.088,44.341,주택전세가격지수
2001-02-01,48.938,72.882,55.563,40.747,38.299,45.861000000000004,주택전세가격지수
2001-03-01,50.114,74.377,57.044,41.773,39.245,47.068999999999996,주택전세가격지수
2001-04-01,50.745,74.975,57.617,42.426,40.132,47.77,주택전세가격지수
2001-05-01,51.248999999999995,75.498,58.333999999999996,42.893,40.811,48.355,주택전세가격지수
2001-06-01,51.711000000000006,76.171,58.668,43.328,41.284,48.9,주택전세가격지수
2001-07-01,52.50899999999999,76.843,59.385,44.199,42.318999999999996,49.718,주택전세가격지수
2001-08-01,53.81100000000001,78.264,60.818000000000005,45.412,43.826,51.121,주택전세가격지수
2001-09-01,55.028999999999996,79.46,62.06,46.657,45.303000000000004,52.485,주택전세가격지수
2001-10-01,55.449,79.609,62.49,47.185,45.481,52.641000000000005,주택전세가격지수
2001-11-01,55.449,79.684,62.395,47.185,45.333,52.446000000000005,주택전세가격지수
2001-12-01,55.617,79.833,62.156000000000006,47.434,45.361999999999995,52.407,주택전세가격지수
2002-01-01,56.794,80.656,62.825,48.833999999999996,46.84,53.498000000000005,주택전세가격지수
2002-02-01,58.39,82.001,64.35300000000001,50.545,48.79,55.368,주택전세가격지수
2002-03-01,59.692,83.34700000000001,65.5,51.851000000000006,50.445,57.005,주택전세가격지수
2002-04-01,60.448,84.617,66.07300000000001,52.535,51.391000000000005,58.056999999999995,주택전세가격지수
2002-05-01,60.658,85.215,66.408,52.566,51.361999999999995,58.446000000000005,주택전세가격지수
2002-06-01,60.658,85.44,66.36,52.535,51.332,58.523999999999994,주택전세가격지수
2002-07-01,60.868,85.29,66.503,52.846000000000004,51.923,59.031000000000006,주택전세가격지수
2002-08-01,61.498000000000005,85.73899999999999,67.507,53.5,52.928000000000004,59.966,주택전세가격지수
2002-09-01,62.254,87.009,68.175,54.122,53.341,60.551,주택전세가격지수
2002-10-01,62.17,87.15899999999999,67.84100000000001,54.028,52.573,59.966,주택전세가격지수
2002-11-01,61.582,86.561,67.268,53.375,51.184,58.718999999999994,주택전세가격지수
2002-12-01,61.246,86.18700000000001,66.312,53.22,50.534,58.056999999999995,주택전세가격지수
2003-01-01,61.20399999999999,85.73899999999999,65.691,53.406000000000006,50.357,57.706,주택전세가격지수
2003-02-01,61.666000000000004,86.11200000000001,66.312,53.903999999999996,50.77,58.096000000000004,주택전세가격지수
2003-03-01,62.128,86.561,66.79,54.308,51.214,58.523999999999994,주택전세가격지수
2003-04-01,62.17,86.63600000000001,67.077,54.308,51.125,58.446000000000005,주택전세가격지수
2003-05-01,62.044,86.63600000000001,66.933,54.153,50.711000000000006,58.251999999999995,주택전세가격지수
2003-06-01,61.666000000000004,86.262,67.172,53.623999999999995,49.973,57.861999999999995,주택전세가격지수
2003-07-01,61.336000000000006,85.759,66.82,53.356,49.507,57.386,주택전세가격지수
2003-08-01,61.258,85.555,66.805,53.318999999999996,49.427,57.155,주택전세가격지수
2003-09-01,61.468,85.633,66.918,53.628,49.711999999999996,57.361999999999995,주택전세가격지수
2003-10-01,61.508,85.425,66.76,53.776,49.763999999999996,57.192,주택전세가격지수
2003-11-01,61.09,84.751,65.92699999999999,53.515,49.379,56.635,주택전세가격지수
2003-12-01,60.37,83.521,64.773,53.026,48.912,55.788999999999994,주택전세가격지수
2004-01-01,60.083,82.789,64.337,52.9,48.743,55.481,주택전세가격지수
2004-02-01,60.215,82.54,64.286,53.181000000000004,49.006,55.57899999999999,주택전세가격지수
2004-03-01,60.431000000000004,82.39299999999999,64.567,53.5,49.295,55.768,주택전세가격지수
2004-04-01,60.473,82.208,64.58,53.621,49.335,55.722,주택전세가격지수
2004-05-01,60.327,81.818,64.204,53.593,49.236999999999995,55.45399999999999,주택전세가격지수
2004-06-01,59.821999999999996,80.73100000000001,63.492,53.301,48.791000000000004,54.773999999999994,주택전세가격지수
2004-07-01,59.363,80.006,62.809,52.966,48.45399999999999,54.229,주택전세가격지수
2004-08-01,58.797,79.101,62.17,52.513999999999996,47.919,53.573,주택전세가격지수
2004-09-01,58.519,78.60600000000001,61.663999999999994,52.333999999999996,47.681999999999995,53.148,주택전세가격지수
2004-10-01,58.257,78.079,61.055,52.215,47.501999999999995,52.788999999999994,주택전세가격지수
2004-11-01,57.82,77.33800000000001,60.299,51.916000000000004,47.169,52.295,주택전세가격지수
2004-12-01,57.361999999999995,76.627,59.586000000000006,51.571999999999996,46.765,51.76,주택전세가격지수
2005-01-01,57.089,76.249,59.181999999999995,51.349,46.468999999999994,51.375,주택전세가격지수
2005-02-01,57.206,76.029,59.20399999999999,51.571999999999996,46.576,51.405,주택전세가격지수
2005-03-01,57.46,76.016,59.312,51.919,46.702,51.467,주택전세가격지수
2005-04-01,57.666000000000004,75.947,59.321999999999996,52.242,46.86600000000001,51.49,주택전세가격지수
2005-05-01,57.732,75.658,59.176,52.451,46.905,51.425,주택전세가격지수
2005-06-01,57.82899999999999,75.543,59.012,52.658,47.097,51.461999999999996,주택전세가격지수
2005-07-01,57.891999999999996,75.347,58.836000000000006,52.833999999999996,47.261,51.461000000000006,주택전세가격지수
2005-08-01,58.007,75.22,58.8,53.053999999999995,47.571999999999996,51.602,주택전세가격지수
2005-09-01,58.475,75.398,59.1,53.63399999999999,48.403999999999996,52.181000000000004,주택전세가격지수
2005-10-01,58.873999999999995,75.47800000000001,59.324,54.16,49.125,52.678999999999995,주택전세가격지수
2005-11-01,59.011,75.309,59.402,54.398,49.441,52.835,주택전세가격지수
2005-12-01,59.104,75.295,59.457,54.535,49.645,52.952,주택전세가격지수
2006-01-01,59.318999999999996,75.359,59.628,54.797,50.071999999999996,53.251000000000005,주택전세가격지수
2006-02-01,59.575,75.391,59.867,55.121,50.525,53.601000000000006,주택전세가격지수
2006-03-01,60.021,75.686,60.342,55.606,51.27,54.248999999999995,주택전세가격지수
2006-04-01,60.358999999999995,75.78399999999999,60.827,55.988,51.86,54.692,주택전세가격지수
2006-05-01,60.575,75.839,61.114,56.282,52.193999999999996,54.963,주택전세가격지수
2006-06-01,60.644,75.85300000000001,61.293,56.345,52.294,55.081,주택전세가격지수
2006-07-01,60.678000000000004,75.75,61.455,56.395,52.398,55.185,주택전세가격지수
2006-08-01,60.797,75.791,61.708999999999996,56.513000000000005,52.607,55.402,주택전세가격지수
2006-09-01,61.31,76.242,62.533,56.981,53.25,56.096000000000004,주택전세가격지수
2006-10-01,61.949,76.62,63.365,57.656000000000006,54.129,56.894,주택전세가격지수
2006-11-01,62.578,76.979,64.188,58.324,55.035,57.791000000000004,주택전세가격지수
2006-12-01,62.934,77.202,64.704,58.693999999999996,55.343999999999994,58.166000000000004,주택전세가격지수
2007-01-01,63.20399999999999,77.348,64.95100000000001,59.003,55.706,58.483000000000004,주택전세가격지수
2007-02-01,63.393,77.44800000000001,65.232,59.206,55.93,58.713,주택전세가격지수
2007-03-01,63.651,77.689,65.584,59.457,56.268,59.067,주택전세가격지수
2007-04-01,63.876999999999995,77.89,66.079,59.637,56.513000000000005,59.355,주택전세가격지수
2007-05-01,63.915,77.99600000000001,66.355,59.607,56.483999999999995,59.426,주택전세가격지수
2007-06-01,63.924,78.024,66.56,59.573,56.461000000000006,59.472,주택전세가격지수
2007-07-01,63.983999999999995,78.141,66.83800000000001,59.57,56.504,59.621,주택전세가격지수
2007-08-01,64.063,78.27199999999999,67.00399999999999,59.618,56.591,59.748999999999995,주택전세가격지수
2007-09-01,64.255,78.567,67.56,59.71,56.636,60.001000000000005,주택전세가격지수
2007-10-01,64.406,78.819,67.971,59.781000000000006,56.669,60.181999999999995,주택전세가격지수
2007-11-01,64.497,79.032,68.311,59.79,56.615,60.315,주택전세가격지수
2007-12-01,64.54,79.11,68.48899999999999,59.798,56.553999999999995,60.345,주택전세가격지수
2008-01-01,64.64,79.21300000000001,68.756,59.86,56.668,60.55,주택전세가격지수
2008-02-01,64.819,79.47800000000001,69.143,59.972,56.82,60.875,주택전세가격지수
2008-03-01,65.237,80.031,69.922,60.27,57.211000000000006,61.43899999999999,주택전세가격지수
2008-04-01,65.61399999999999,80.413,70.48,60.611999999999995,57.575,61.97,주택전세가격지수
2008-05-01,65.801,80.60600000000001,70.888,60.751000000000005,57.681999999999995,62.187,주택전세가격지수
2008-06-01,66.014,80.9,71.439,60.87,57.703,62.401,주택전세가격지수
2008-07-01,66.157,81.07300000000001,71.817,60.952,57.744,62.538000000000004,주택전세가격지수
2008-08-01,66.263,81.112,72.16199999999999,61.023,57.742,62.62,주택전세가격지수
2008-09-01,66.508,81.327,72.602,61.232,57.79600000000001,62.792,주택전세가격지수
2008-10-01,66.594,81.352,72.75,61.339,57.667,62.733999999999995,주택전세가격지수
2008-11-01,66.37100000000001,81.207,72.574,61.089,57.097,62.299,주택전세가격지수
2008-12-01,65.624,80.775,71.90899999999999,60.248000000000005,55.562,61.038999999999994,주택전세가격지수
2009-01-01,65.007,80.531,71.347,59.522,54.629,60.233000000000004,주택전세가격지수
2009-02-01,64.863,80.43,71.195,59.372,54.74100000000001,60.25899999999999,주택전세가격지수
2009-03-01,64.918,80.372,71.127,59.49,55.103,60.465,주택전세가격지수
2009-04-01,65.028,80.376,71.209,59.638999999999996,55.446999999999996,60.715,주택전세가격지수
2009-05-01,65.161,80.387,71.309,59.813,55.67100000000001,60.858999999999995,주택전세가격지수
2009-06-01,65.335,80.42399999999999,71.39399999999999,60.04600000000001,56.082,61.185,주택전세가격지수
2009-07-01,65.557,80.48899999999999,71.528,60.328,56.576,61.597,주택전세가격지수
2009-08-01,65.873,80.60600000000001,71.949,60.675,57.11600000000001,62.091,주택전세가격지수
2009-09-01,66.811,81.12899999999999,72.79899999999999,61.751999999999995,58.708999999999996,63.493,주택전세가격지수
2009-10-01,67.293,81.366,73.32,62.292,59.35,64.152,주택전세가격지수
2009-11-01,67.67399999999999,81.492,73.55199999999999,62.777,59.845,64.527,주택전세가격지수
2009-12-01,67.848,81.547,73.691,62.988,60.063,64.68,주택전세가격지수
2010-01-01,68.048,81.62100000000001,73.84,63.232,60.394,64.918,주택전세가격지수
2010-02-01,68.472,81.71600000000001,74.092,63.777,60.99,65.383,주택전세가격지수
2010-03-01,68.936,81.956,74.641,64.29,61.413999999999994,65.887,주택전세가격지수
2010-04-01,69.369,82.26100000000001,75.16,64.742,61.714,66.242,주택전세가격지수
2010-05-01,69.652,82.45,75.39399999999999,65.054,61.896,66.39399999999999,주택전세가격지수
2010-06-01,69.92699999999999,82.679,75.714,65.329,61.989,66.52,주택전세가격지수
2010-07-01,70.111,82.764,75.824,65.56,62.028999999999996,66.564,주택전세가격지수
2010-08-01,70.36399999999999,82.891,76.108,65.845,62.148999999999994,66.744,주택전세가격지수
2010-09-01,70.815,83.257,76.6,66.312,62.578,67.204,주택전세가격지수
2010-10-01,71.40899999999999,83.64,77.251,66.959,63.298,67.827,주택전세가격지수
2010-11-01,72.152,83.895,77.76899999999999,67.891,64.00399999999999,68.387,주택전세가격지수
2010-12-01,72.682,84.095,78.087,68.561,64.499,68.791,주택전세가격지수
2011-01-01,73.304,84.39399999999999,78.578,69.294,65.232,69.467,주택전세가격지수
2011-02-01,74.48899999999999,84.932,79.571,70.71,66.605,70.658,주택전세가격지수
2011-03-01,75.79,85.508,80.389,72.33800000000001,67.79899999999999,71.646,주택전세가격지수
2011-04-01,76.7,85.818,80.937,73.53,68.252,72.104,주택전세가격지수
2011-05-01,77.334,86.036,81.329,74.347,68.475,72.392,주택전세가격지수
2011-06-01,77.839,86.321,81.64699999999999,74.958,68.792,72.709,주택전세가격지수
2011-07-01,78.456,86.65799999999999,82.06200000000001,75.708,69.56,73.319,주택전세가격지수
2011-08-01,79.308,86.916,82.633,76.828,70.75,74.264,주택전세가격지수
2011-09-01,80.40899999999999,87.40100000000001,83.47,78.175,72.315,75.505,주택전세가격지수
2011-10-01,81.133,87.73700000000001,84.053,79.046,73.064,76.157,주택전세가격지수
2011-11-01,81.554,87.93700000000001,84.223,79.604,73.283,76.328,주택전세가격지수
2011-12-01,81.625,88.084,84.25200000000001,79.67399999999999,73.152,76.25399999999999,주택전세가격지수
2012-01-01,81.827,88.25399999999999,84.509,79.88,73.11399999999999,76.291,주택전세가격지수
2012-02-01,82.135,88.447,84.771,80.229,73.25399999999999,76.47399999999999,주택전세가격지수
2012-03-01,82.52,88.65,85.141,80.67399999999999,73.431,76.669,주택전세가격지수
2012-04-01,82.86399999999999,88.82799999999999,85.348,81.105,73.449,76.71600000000001,주택전세가격지수
2012-05-01,83.015,88.943,85.45200000000001,81.282,73.39699999999999,76.719,주택전세가격지수
2012-06-01,83.11399999999999,89.06299999999999,85.552,81.382,73.375,76.72399999999999,주택전세가격지수
2012-07-01,83.225,89.166,85.62100000000001,81.51,73.33800000000001,76.705,주택전세가격지수
2012-08-01,83.311,89.235,85.727,81.59899999999999,73.342,76.74,주택전세가격지수
2012-09-01,83.587,89.37899999999999,85.935,81.925,73.723,77.05,주택전세가격지수
2012-10-01,84.005,89.553,86.205,82.441,74.202,77.405,주택전세가격지수
2012-11-01,84.32799999999999,89.666,86.311,82.868,74.585,77.683,주택전세가격지수
2012-12-01,84.501,89.712,86.384,83.095,74.768,77.828,주택전세가격지수
2013-01-01,84.695,89.818,86.49799999999999,83.32600000000001,75.014,78.024,주택전세가격지수
2013-02-01,84.92399999999999,89.887,86.60799999999999,83.626,75.35,78.268,주택전세가격지수
2013-03-01,85.295,90.068,86.837,84.081,75.745,78.616,주택전세가격지수
2013-04-01,85.605,90.20200000000001,87.00399999999999,84.46799999999999,76.058,78.883,주택전세가격지수
2013-05-01,85.765,90.273,87.07700000000001,84.67,76.222,79.00399999999999,주택전세가격지수
2013-06-01,85.958,90.34700000000001,87.156,84.911,76.41199999999999,79.163,주택전세가격지수
2013-07-01,86.275,90.49700000000001,87.441,85.266,76.904,79.577,주택전세가격지수
2013-08-01,86.76299999999999,90.79700000000001,87.859,85.80799999999999,77.66199999999999,80.24,주택전세가격지수
2013-09-01,87.463,90.999,88.35,86.679,78.764,81.09,주택전세가격지수
2013-10-01,88.244,91.389,88.81299999999999,87.62799999999999,79.94800000000001,82.01700000000001,주택전세가격지수
2013-11-01,88.815,91.594,89.09899999999999,88.35700000000001,80.756,82.618,주택전세가격지수
2013-12-01,89.329,91.76,89.28399999999999,89.037,81.472,83.10799999999999,주택전세가격지수
2014-01-01,89.699,91.911,89.60799999999999,89.47399999999999,82.125,83.63600000000001,주택전세가격지수
2014-02-01,90.12700000000001,92.068,89.88600000000001,90.005,82.786,84.161,주택전세가격지수
2014-03-01,90.603,92.24,90.22,90.595,83.365,84.65799999999999,주택전세가격지수
2014-04-01,90.92200000000001,92.40700000000001,90.445,90.98,83.669,84.916,주택전세가격지수
2014-05-01,91.053,92.52600000000001,90.662,91.09,83.744,85.042,주택전세가격지수
2014-06-01,91.212,92.656,90.807,91.26,83.816,85.117,주택전세가격지수
2014-07-01,91.375,92.82,90.969,91.41799999999999,83.90899999999999,85.242,주택전세가격지수
2014-08-01,91.58,93.01299999999999,91.23700000000001,91.60799999999999,84.098,85.461,주택전세가격지수
2014-09-01,91.89299999999999,93.241,91.52,91.948,84.405,85.775,주택전세가격지수
2014-10-01,92.195,93.412,91.801,92.287,84.77,86.094,주택전세가격지수
2014-11-01,92.449,93.556,91.98,92.585,85.073,86.34100000000001,주택전세가격지수
2014-12-01,92.74799999999999,93.744,92.243,92.91799999999999,85.431,86.65799999999999,주택전세가격지수
2015-01-01,92.992,93.90799999999999,92.53,93.169,85.78,86.98700000000001,주택전세가격지수
2015-02-01,93.31,94.066,92.859,93.523,86.314,87.427,주택전세가격지수
2015-03-01,93.86200000000001,94.494,93.375,94.11,87.198,88.18700000000001,주택전세가격지수
2015-04-01,94.44,94.89200000000001,93.902,94.74799999999999,88.15299999999999,88.946,주택전세가격지수
2015-05-01,94.834,95.162,94.273,95.181,88.78200000000001,89.525,주택전세가격지수
2015-06-01,95.344,95.435,94.68,95.76899999999999,89.57799999999999,90.214,주택전세가격지수
2015-07-01,95.83,95.786,95.238,96.265,90.274,90.88799999999999,주택전세가격지수
2015-08-01,96.25,96.148,95.569,96.71600000000001,90.948,91.463,주택전세가격지수
2015-09-01,96.78299999999999,96.439,95.969,97.338,91.82600000000001,92.176,주택전세가격지수
2015-10-01,97.17399999999999,96.75200000000001,96.415,97.73,92.36399999999999,92.70299999999999,주택전세가격지수
2015-11-01,97.655,97.051,96.711,98.29700000000001,93.146,93.311,주택전세가격지수
2015-12-01,97.90799999999999,97.206,96.85,98.6,93.603,93.648,주택전세가격지수
2016-01-01,98.096,97.34100000000001,97.01899999999999,98.809,93.944,93.929,주택전세가격지수
2016-02-01,98.279,97.473,97.164,99.014,94.258,94.227,주택전세가격지수
2016-03-01,98.42399999999999,97.55799999999999,97.29,99.178,94.52600000000001,94.456,주택전세가격지수
2016-04-01,98.53200000000001,97.613,97.365,99.30799999999999,94.744,94.62700000000001,주택전세가격지수
2016-05-01,98.64299999999999,97.655,97.45100000000001,99.439,94.984,94.815,주택전세가격지수
2016-06-01,98.73899999999999,97.714,97.539,99.538,95.241,95.01899999999999,주택전세가격지수
2016-07-01,98.838,97.766,97.645,99.639,95.47,95.20100000000001,주택전세가격지수
2016-08-01,98.931,97.83,97.738,99.728,95.631,95.34,주택전세가격지수
2016-09-01,99.029,97.90899999999999,97.844,99.823,95.81,95.50200000000001,주택전세가격지수
2016-10-01,99.204,98.00299999999999,97.964,100.025,96.11200000000001,95.74600000000001,주택전세가격지수
2016-11-01,99.39,98.052,98.04700000000001,100.26299999999999,96.374,95.945,주택전세가격지수
2016-12-01,99.458,98.083,98.066,100.345,96.5,96.02799999999999,주택전세가격지수
2017-01-01,99.493,98.088,98.071,100.381,96.557,96.07,주택전세가격지수
2017-02-01,99.516,98.103,98.089,100.404,96.583,96.094,주택전세가격지수
2017-03-01,99.539,98.134,98.12799999999999,100.415,96.624,96.139,주택전세가격지수
2017-04-01,99.55799999999999,98.15,98.154,100.43,96.697,96.196,주택전세가격지수
2017-05-01,99.585,98.16799999999999,98.181,100.456,96.804,96.27600000000001,주택전세가격지수
2017-06-01,99.65100000000001,98.194,98.229,100.521,97.111,96.5,주택전세가격지수
2017-07-01,99.727,98.23700000000001,98.35600000000001,100.584,97.454,96.773,주택전세가격지수
2017-08-01,99.786,98.287,98.404,100.63600000000001,97.79899999999999,97.01299999999999,주택전세가격지수
2017-09-01,99.82799999999999,98.383,98.50399999999999,100.64399999999999,97.956,97.16799999999999,주택전세가격지수
2017-10-01,99.882,98.495,98.601,100.67,98.137,97.331,주택전세가격지수
2017-11-01,99.902,98.603,98.63799999999999,100.654,98.338,97.51,주택전세가격지수
2017-12-01,99.914,98.648,98.749,100.631,98.507,97.679,주택전세가격지수
2018-01-01,99.93,98.66799999999999,98.90700000000001,100.60700000000001,98.68700000000001,97.838,주택전세가격지수
2018-02-01,99.941,98.751,98.98,100.58200000000001,98.806,98.008,주택전세가격지수
2018-03-01,99.93299999999999,98.821,98.99600000000001,100.541,98.92200000000001,98.134,주택전세가격지수
2018-04-01,99.912,98.875,99.10799999999999,100.462,98.914,98.27600000000001,주택전세가격지수
2018-05-01,99.85799999999999,98.956,99.132,100.346,98.845,98.28399999999999,주택전세가격지수
2018-06-01,99.801,98.96600000000001,99.164,100.24,98.809,98.294,주택전세가격지수
2018-07-01,99.759,99.072,99.31700000000001,100.102,98.84299999999999,98.46700000000001,주택전세가격지수
2018-08-01,99.74700000000001,99.088,99.37799999999999,100.057,99.016,98.631,주택전세가격지수
2018-09-01,99.91,99.35,99.745,100.126,99.603,99.36399999999999,주택전세가격지수
2018-10-01,100.01,99.54,99.844,100.184,100.07799999999999,99.801,주택전세가격지수
2018-11-01,100.045,99.669,99.976,100.166,100.197,100.025,주택전세가격지수
2018-12-01,100.035,99.895,100.039,100.066,100.101,100.03200000000001,주택전세가격지수
2019-01-01,100.0,100.0,100.0,100.0,100.0,100.0,주택전세가격지수
2019-02-01,99.84100000000001,100.075,99.945,99.75399999999999,99.66,99.82799999999999,주택전세가격지수
2019-03-01,99.677,100.113,99.89200000000001,99.507,99.37799999999999,99.685,주택전세가격지수
2019-04-01,99.51700000000001,100.109,99.863,99.26799999999999,99.215,99.601,주택전세가격지수
2019-05-01,99.427,100.166,99.823,99.12200000000001,99.117,99.596,주택전세가격지수
2019-06-01,99.32700000000001,100.149,99.81200000000001,98.97,99.04299999999999,99.57,주택전세가격지수
2019-07-01,99.26299999999999,100.213,99.79899999999999,98.855,99.073,99.589,주택전세가격지수
2019-08-01,99.259,100.21700000000001,99.84100000000001,98.833,99.189,99.757,주택전세가격지수
2019-09-01,99.245,100.164,99.821,98.83200000000001,99.318,99.92399999999999,주택전세가격지수
2019-10-01,99.3,100.17,99.87899999999999,98.896,99.554,100.134,주택전세가격지수
2019-11-01,99.375,100.204,99.92,98.988,99.76299999999999,100.319,주택전세가격지수
2019-12-01,99.53,100.279,100.095,99.152,100.141,100.67200000000001,주택전세가격지수
2020-01-01,99.694,100.404,100.13,99.352,100.49600000000001,100.962,주택전세가격지수
2020-02-01,99.87,100.40700000000001,100.243,99.575,100.75299999999999,101.12200000000001,주택전세가격지수
2020-03-01,100.045,100.41799999999999,100.323,99.809,100.939,101.3,주택전세가격지수
2020-04-01,100.124,100.436,100.35799999999999,99.912,101.008,101.39399999999999,주택전세가격지수
2020-05-01,100.186,100.45,100.42399999999999,99.985,101.066,101.458,주택전세가격지수
2020-06-01,100.458,100.686,100.736,100.251,101.42200000000001,101.84100000000001,주택전세가격지수
2020-07-01,100.898,100.786,101.016,100.81700000000001,102.43700000000001,102.53,주택전세가격지수
2020-08-01,101.427,101.038,101.54700000000001,101.397,103.64399999999999,103.631,주택전세가격지수
2020-09-01,102.306,101.238,102.152,102.485,105.81200000000001,105.27600000000001,주택전세가격지수
2020-10-01,103.15100000000001,101.92299999999999,103.28200000000001,103.255,107.249,106.698,주택전세가격지수
2020-11-01,104.88600000000001,102.823,105.01100000000001,105.14,110.21600000000001,109.25200000000001,주택전세가격지수
2020-12-01,106.04299999999999,103.249,105.711,106.60799999999999,112.406,110.887,주택전세가격지수
2021-01-01,106.925,103.545,106.306,107.68799999999999,114.116,112.229,주택전세가격지수
2021-02-01,107.73,103.887,106.959,108.65100000000001,115.37200000000001,113.272,주택전세가격지수
2021-03-01,108.48200000000001,104.244,107.50399999999999,109.541,116.295,114.04700000000001,주택전세가격지수
